ResID;Chinese_Simplified;Chinese_Traditional;Japanese;Korean;English;French;German;Italian;Dutch;Portuguese;Spanish;Swedish;Czech;Danish;Polish;Russian;Turkey;Hebrew;Thai;Hungarian;Romanian;Arabic
m1;目录播放;目录播放;Phát trực tiếp;목록 순환;Directory play;Table des matières sur;目录播放;目录播放;目录播放;目录播放;目录播放;目录播放;目录播放;目录播放;目录播放;каталог  воспроизведения ;目录播放;目录播放;目录播放;目录播放;目录播放;目录播放
m2;随机播放;随机播放;Phát ngẫu nhiên;무작위 로 방영;random play;Diffusées au hasard;随机播放;随机播放;随机播放;随机播放;随机播放;随机播放;随机播放;随机播放;随机播放; случайное проигрывание ;随机播放;随机播放;随机播放;随机播放;随机播放;随机播放
m3;录音模式;录音模式;Chế độ ghi âm;녹음 모델;Audio record mode;Modèle ou en cliquant sur “ programme quotidien;录音模式;录音模式;录音模式;录音模式;录音模式;录音模式;录音模式;录音模式;录音模式; режим записи;录音模式;录音模式;录音模式;录音模式;录音模式;录音模式
m4;分辨率;ใบอนุญาต;Độ phân giải;해상도;Resolution;résolution;Auflösung;Dimens.limmagine;分辨率;分辨率;Resolución;分辨率;分辨率;分辨率;分辨率;Резолюции ;分辨率;分辨率;分辨率;分辨率;分辨率;分辨率
m5;循环录影;วนลูปบันทึก;Ghi lặp;순환 기록;Cyclic Record;Donner le cycle;Loop-Aufnahme;Loop diregistrazione;循环录影;循环录影;Grabación continua;循环录影;循环录影;循环录影;循环录影; цикл  записи ;循环录影;循环录影;循环录影;循环录影;循环录影;循环录影
m6;曝光补偿;การเปิดรับแสง;Phơi sáng;노출;Exposure;Compensation pose;Belichtung;Esposizione;曝光补偿;曝光补偿;Exposición;曝光补偿;曝光补偿;曝光补偿;曝光补偿; Экспокоррекция ;曝光补偿;曝光补偿;曝光补偿;曝光补偿;曝光补偿;曝光补偿
m7;运动检测;ตรวจจับการเคลื่อนไหว;Phát hiện chuyển động;움직임 감지;Motion Detection;Détection de mouvement;Bewegung Detect;Movement Detection;运动检测;运动检测;Detección de movimiento;运动检测;运动检测;运动检测;运动检测; обнаружения движения ;运动检测;运动检测;运动检测;运动检测;运动检测;运动检测
m8;录影音频;บันทึกเสียง;Âm thanh;오디오;Audio;Audio vidéo;Rekordaudio;Audio Record ;录影音频;录影音频;Audio de registro;录影音频;录影音频;录影音频;录影音频; видео  и аудио ;录影音频;录影音频;录影音频;录影音频;录影音频;录影音频
m9;日期标签;ตราประทับบนไปรษณียภัณฑ์วันที่;Hiện ngày giờ;날짜 표시;Date Stamp;Date d’étiquetage;Datumsanzeige;Stampa Data;日期标签;日期标签;lmpresión Fecha;日期标签;日期标签;日期标签;日期标签; дата  метки;日期标签;日期标签;日期标签;日期标签;日期标签;日期标签
m10;视频;วิดีโอ;Hình ảnh;비디오;Video;vidéo;Video;Filmati;视频;视频;Video;视频;视频;视频;视频;видео;视频;视频;视频;视频;视频;视频
m11;1296FHD;1296FHD;1296FHD;1296FHD;1296FHD;1296FHD;1296FHD;1296FHD;1296FHD;1296FHD;1296FHD;1296FHD;1296FHD;1296FHD;1296FHD;1296FHD;1296FHD;1296FHD;1296FHD;1296FHD;1296FHD;1296FHD
m12;1080P;1080P;1080P;1080P;1080P;1080P;1080P;1080P;1080P;1080P;1080P;1080P;1080P;1080P;1080P;1080P;1080P;1080P;1080P;1080P;1080P;1080P
m13;720P;720P;720P;720P;720P;720P;720P;720P;720P;720P;720P;720P;720P;720P;720P;720P;720P;720P;720P;720P;720P;720P
m14;WVGA 848x480;WVGA 848x481;WVGA 848x481;WVGA 848x483;WVGA 848x481;WVGA 848x481;WVGA 848x481;WVGA 848x481;WVGA 848x488;WVGA 848x489;WVGA 848x481;WVGA 848x491;WVGA 848x492;WVGA 848x493;WVGA 848x494;WVGA 848x481;WVGA 848x496;WVGA 848x497;WVGA 848x498;WVGA 848x499;WVGA 848x500;WVGA 848x501
m15;VGA;VGA;VGA;VGA;VGA;VGA;VGA;VGA;VGA;VGA;VGA;VGA;VGA;VGA;VGA;VGA;VGA;VGA;VGA;VGA;VGA;VGA
m16;QVGA 320x240;QVGA 320x241;QVGA 320x241;QVGA 320x243;QVGA 320x241;QVGA 320x241;QVGA 320x241;QVGA 320x241;QVGA 320x248;QVGA 320x249;QVGA 320x241;QVGA 320x251;QVGA 320x252;QVGA 320x253;QVGA 320x254;QVGA 320x241;QVGA 320x256;QVGA 320x257;QVGA 320x258;QVGA 320x259;QVGA 320x260;QVGA 320x261
m17;关;ปิด;Tắt;오프;Off;Desactive;Aus;OFF;关;关;Apagado;关;关;关;关;закрыть;关;关;关;关;关;关
m18;1分钟;1 นาที;1 Phút;1 분;1 Minute;1 Mins;1 Min;1 Min;11分钟;12分钟;1 Min;14分钟;15分钟;16分钟;17分钟;1 мин.;19分钟;20分钟;21分钟;22分钟;23分钟;24分钟
m19;2分钟;2 นาที;2 Phút;2 분;2 Minutes;2 Mins;2 Min;2 Min;13分钟;14分钟;2 Min;16分钟;17分钟;18分钟;19分钟;2 мин.;21分钟;22分钟;23分钟;24分钟;25分钟;26分钟
m20;3分钟;3 นาที;3 Phút;3 분;3 Minutes;3 Mins;3 Min;3 Min;18分钟;19分钟;3 Min;21分钟;22分钟;23分钟;24分钟;3 мин.;26分钟;27分钟;28分钟;29分钟;30分钟;31分钟
m21;-3;-3;-3;-3;-3;-3;-3;-3;-3;-3;-3;-3;-3;-3;-3;-3;-3;-3;-3;-3;-3;-3
m22;-2;-2;-2;-2;-2;-2;-2;-2;-2;-2;-2;-2;-2;-2;-2;-2;-2;-2;-2;-2;-2;-2
m23;-1;-1;-1;-1;-1;-1;-1;-1;-1;-1;-1;-1;-1;-1;-1;-1;-1;-1;-1;-1;-1;-1
m24;0;0;0;0;0;0;0;0;0;0;0;0;0;0;0;0;0;0;0;0;0;0
m25;1;1;1;1;1;1;1;1;1;1;1;1;1;1;1;1;1;1;1;1;1;1
m26;2;2;2;2;2;2;2;2;2;2;2;2;2;2;2;2;2;2;2;2;2;2
m27;3;3;3;3;3;3;3;3;3;3;3;3;3;3;3;3;3;3;3;3;3;3
m28;-1/3;-1/3;-1/3;-1/6;-1/3;-1/3;-1/3;-1/3;-1/11;-1/12;-1/3;-1/14;-1/15;-1/16;-1/17;-1/3;-1/19;-1/20;-1/21;-1/22;-1/23;-1/24
m29;-2/3;-2/3;-2/3;-2/6;-2/3;-2/3;-2/3;-2/3;-2/11;-2/12;-2/3;-2/14;-2/15;-2/16;-2/17;-2/3;-2/19;-2/20;-2/21;-2/22;-2/23;-2/24
m30;-1.0;-1.0;-1.0;-1.3;-1.0;-1.0;-1.0;-1.0;-1.8;-1.9;-1.0;-1.11;-1.12;-1.13;-1.14;-1.0;-1.16;-1.17;-1.18;-1.19;-1.20;-1.21
m31;-4/3;-4/3;-4/3;-4/6;-4/3;-4/3;-4/3;-4/3;-4/11;-4/12;-4/3;-4/14;-4/15;-4/16;-4/17;-4/3;-4/19;-4/20;-4/21;-4/22;-4/23;-4/24
m32;-5/3;-5/3;-5/3;-5/6;-5/3;-5/3;-5/3;-5/3;-5/11;-5/12;-5/3;-5/14;-5/15;-5/16;-5/17;-5/3;-5/19;-5/20;-5/21;-5/22;-5/23;-5/24
m33;-2.0;-2.0;-2.0;-2.3;-2.0;-2.0;-2.0;-2.0;-2.8;-2.9;-2.0;-2.11;-2.12;-2.13;-2.14;-2.0;-2.16;-2.17;-2.18;-2.19;-2.20;-2.21
m34;开;เปิด;Bật;에;On;Active;Aus;On;开;开;Encendido;开;开;开;开;вкл;开;开;开;开;开;开
m35;关;ปิด;Tắt;오프;Off;Desactive;An;OFF;关;关;Apagado;关;关;关;关;выкл.;关;关;关;关;关;关
m36;拍照;การถ่ายภาพ;Chụp ảnh;사진;Photograph;fixe;Standbild;Modalita Cattura;拍照;拍照;inmóvil;拍照;拍照;拍照;拍照;Фотография;拍照;拍照;拍照;拍照;拍照;拍照
m37;拍摄方式;ในทางที่ยิง;Chế độ chụp;캡처 모드;Capture Mode;CaptureMode;Aufnahme-modus;Dimens.lmmagine;拍摄方式;拍摄方式;Modo grabación;拍摄方式;拍摄方式;拍摄方式;拍摄方式;CaptureMode ;拍摄方式;拍摄方式;拍摄方式;拍摄方式;拍摄方式;拍摄方式
m38;分辨率;ใบอนุญาต;Độ phân giải;해상도;Resolution;Resolution;Auflösung;Resolution;分辨率;分辨率;Resolución;分辨率;分辨率;分辨率;分辨率;Разрешение ;分辨率;分辨率;分辨率;分辨率;分辨率;分辨率
m39;连拍;ลำดับ;Quay liên tục;순서;Sequence;Sequence;Forsetzen;Continuate;连拍;连拍;continuo;连拍;连拍;连拍;连拍;последовательность ;连拍;连拍;连拍;连拍;连拍;连拍
m40;图像质量;คุณภาพ ;Chất lượng;품질;Quality;Quality;Qualität;Qualita;图像质量;图像质量;Calidad;图像质量;图像质量;图像质量;图像质量;качество ;图像质量;图像质量;图像质量;图像质量;图像质量;图像质量
m41;锐度;ความคมชัด;Độ sắc nét;선명도;Sharpness;Sharpness;Schärfe;Nitidezza;锐度;锐度;Definición;锐度;锐度;锐度;锐度;Резкость ;锐度;锐度;锐度;锐度;锐度;锐度
m42;白平衡;สมดุลสีขาว ;Cân bằng trắng;화이트 밸런스;White Balance;White Balance;Weissbalance;Bilanc.biance;白平衡;白平衡;Balance Blance;白平衡;白平衡;白平衡;白平衡;Баланс белого ;白平衡;白平衡;白平衡;白平衡;白平衡;白平衡
m43;色彩;สี ;Màu;색상;Color;Color;Farbe;Colore;色彩;色彩;Color;色彩;色彩;色彩;色彩;цвет;色彩;色彩;色彩;色彩;色彩;色彩
m44;ISO;ISO;ISO;ISO;ISO;ISO;ISO;ISO;ISO;ISO;ISO;ISO;ISO;ISO;ISO;ISO;ISO;ISO;ISO;ISO;ISO;ISO
m45;曝光补偿;การเปิดรับแสง;Phơi sáng;노출;Exposure;Exposition;Belichtung;Esposizione;曝光补偿;曝光补偿;Exposición;曝光补偿;曝光补偿;曝光补偿;曝光补偿;экспозиция;曝光补偿;曝光补偿;曝光补偿;曝光补偿;曝光补偿;曝光补偿
m46;防手震;ป้องกันมือสั่น;Chống rung;안티 - 흔들어;Anti-shaking;Stabilisation;Stabilisierung;Stabilizzazione;防手震;防手震;Estabilización;防手震;防手震;防手震;防手震;Защиты от сотрясений;防手震;防手震;防手震;防手震;防手震;防手震
m47;快速预览;เรียกดูได้อย่างรวดเร็ว;Xem trước nhanh;빠른 검토;Quick Review;Bilan Rapide;Schnelldurchlauf;Visualizz.Rapida;快速预览;快速预览;Revisión Rápida;快速预览;快速预览;快速预览;快速预览;Быстрый просмотр;快速预览;快速预览;快速预览;快速预览;快速预览;快速预览
m48;日期标签;ตราประทับบนไปรษณียภัณฑ์วันที่;Hiện ngày giờ;날짜 표시;Date Stamp;Marque Date;Datumsanzeige;Stampa Data;日期标签;日期标签;lmpresión Fecha;日期标签;日期标签;日期标签;日期标签;штамп даты;日期标签;日期标签;日期标签;日期标签;日期标签;日期标签
m49;补光灯;แสงโคมไฟ;Đèn nháy;빛을 채우기;Fill light;Fill light;blinken;补光灯;补光灯;补光灯;补光灯;补光灯;补光灯;补光灯;补光灯;свет;补光灯;补光灯;补光灯;补光灯;补光灯;补光灯
m50;电视制式;โหมดทีวี;Chế độ TV;TV 모드;TV Mode;TV Mode;TV-System;TV Mode;TV Mode;TV Mode;TV Mode;TV Mode;TV Mode;TV Mode;TV Mode;TV Mode;TV Mode;TV Mode;TV Mode;TV Mode;TV Mode;TV Mode
m51;PAL;PAL;PAL;PAL;PAL;PAL;PAL;PAL;PAL;PAL;PAL;PAL;PAL;PAL;PAL;PAL;PAL;PAL;PAL;PAL;PAL;PAL
m52;NTSC;;NTSC;NTSC;NTSC;NTSC;NTSC;NTSC;NTSC;NTSC;NTSC;NTSC;NTSC;NTSC;NTSC;NTSC;NTSC;NTSC;NTSC;NTSC;NTSC;NTSC
m53;12M 4032x3024;12M 4032x3024;12M 4032x3024;12M 4032x3027;12M 4032x3024;12M 4032x3024;12M 4032x3024;12M 4032x3024;12M 4032x3032;12M 4032x3033;12M 4032x3024;12M 4032x3035;12M 4032x3036;12M 4032x3037;12M 4032x3038;12M 4032x3024;12M 4032x3040;12M 4032x3041;12M 4032x3042;12M 4032x3043;12M 4032x3044;12M 4032x3045
m54;10M 3648x2738;10M 3648x2738;10M 3648x2738;10M 3648x2741;10M 3648x2738;10M 3648x2738;10M 3648x2738;10M 3648x2738;10M 3648x2746;10M 3648x2747;10M 3648x2738;10M 3648x2749;10M 3648x2750;10M 3648x2751;10M 3648x2752;10M 3648x2738;10M 3648x2754;10M 3648x2755;10M 3648x2756;10M 3648x2757;10M 3648x2758;10M 3648x2759
m55;8M;8M;8M;8M;8M;8M;8M;8M;8M;8M;8M;8M;8M;8M;8M;8M;8M;8M;8M;8M;8M;8M
m56;5M ;5M ;5M ;5M ;5M ;5M ;5M ;5M ;5M ;5M ;5M ;5M ;5M ;5M ;5M ;5M ;5M ;5M ;5M ;5M ;5M ;5M 
m57;3M;3M;3M;3M;3M;3M;3M;3M;3M;3M;3M;3M;3M;3M;3M;3M;3M;3M;3M;3M;3M;3M
m58;2M;2M;2M;2M;2M;2M;2M;2M;2M;2M;2M;2M;2M;2M;2M;2M;2M;2M;2M;2M;2M;2M
m59;VGA 640x480;VGA 640x480;VGA 640x480;VGA 640x480;VGA 640x480;VGA 640x480;VGA 640x480;VGA 640x480;VGA 640x480;VGA 640x480;VGA 640x480;VGA 640x480;VGA 640x480;VGA 640x480;VGA 640x480;VGA 640x480;VGA 640x480;VGA 640x480;VGA 640x480;VGA 640x480;VGA 640x480;VGA 640x480
m60;1.3M 1280x960;1.3M 1280x960;1.3M 1280x960;1.3M 1280x960;1.3M 1280x960;1.3M 1280x960;1.3M 1280x960;1.3M 1280x960;1.3M 1280x960;1.3M 1280x960;1.3M 1280x960;1.3M 1280x960;1.3M 1280x960;1.3M 1280x960;1.3M 1280x960;1.3M 1280x960;1.3M 1280x960;1.3M 1280x960;1.3M 1280x960;1.3M 1280x960;1.3M 1280x960;1.3M 1280x960
m61;优质;ที่ดีกว่า;Đẹp;파인;Fine;Forte;Fein;Forte;优质;优质;Alta;优质;优质;优质;优质;отлично ;优质;优质;优质;优质;优质;优质
m62;标准;โดยทั่วไป;Bình thường;일반;Normal;Normale;Normal;Normale;标准;标准;Normal;标准;标准;标准;标准;Нормальная ;标准;标准;标准;标准;标准;标准
m63;经济;เศรษฐกิจ;Tiết kiệm;경제;Economy;économie;Sparsam;Economia;经济;经济;Económ;经济;经济;经济;经济;Экономика ;经济;经济;经济;经济;经济;经济
m64;强烈;ที่แข็งแกร่ง;Mạnh;강한;Strong;Forte;Stark;forte;强烈;强烈;Alta;强烈;强烈;强烈;强烈;сильный ;强烈;强烈;强烈;强烈;强烈;强烈
m65;标准;โดยทั่วไป;Bình thường;일반;Normal;Normale;Normal;Normale;标准;标准;Normal;标准;标准;标准;标准;Нормальная ;标准;标准;标准;标准;标准;标准
m66;柔和;นุ่ม;Nhẹ nhàng;소프트;Soft;Douce;Weich;Leggera;柔和;柔和;Baja;柔和;柔和;柔和;柔和;Мягкий ;柔和;柔和;柔和;柔和;柔和;柔和
m67;自动;โดยอัตโนมัติ;Tự động;자동;Auto;Auto;Auto;Automatico;自动;自动;Auto;自动;自动;自动;自动;Авто ;自动;自动;自动;自动;自动;自动
m68;日光;ดวงอาทิตย์;Ban ngày;일광;Daylight;Ensoleille;Sonig;Luce Diurna;日光;日光;Sol;日光;日光;日光;日光;дневной свет ;日光;日光;日光;日光;日光;日光
m69;阴天;เมฆ;Mây;구름;Cloudy;Nuageux;Wolkig;Nuvoloso;阴天;阴天;Nubes;阴天;阴天;阴天;阴天;Облачно ;阴天;阴天;阴天;阴天;阴天;阴天
m70;钨丝灯;หลอดไฟ;Đèn sợi đốt;텅스텐;Tungsten;Tungstene;Kunstlicht;Tungsteno;钨丝灯;钨丝灯;Tungsteno;钨丝灯;钨丝灯;钨丝灯;钨丝灯;Вольфрам ;钨丝灯;钨丝灯;钨丝灯;钨丝灯;钨丝灯;钨丝灯
m71;荧光灯;หลอดฟลูออเรสเซนต์;Huỳnh quang;형광;Fluorescent;Fluor;Neonlicht;Fluorescente;荧光灯;荧光灯;Fluoro;荧光灯;荧光灯;荧光灯;荧光灯;Люминесцентная ;荧光灯;荧光灯;荧光灯;荧光灯;荧光灯;荧光灯
m72;无特效;ไม่มีพิเศษ;Bình thường;무 특효;Normal;Aucun effet;keine Effekte;Nessun effetto;geen effecten;Nenhuns efeitos;No hay efectos;Inga effekter;Žádné účinky;无特效;Brak efektów;нет средств;无特效;无特效;ไม่มีผลกระทบ;无特效;无特效;无特效
m73;黑白;สีดำและสีขาว;Đen trắng;흑백;Black and White;noir et blanc;Schwarz und Weiß;bianco e nero;zwart en wit;preto e branco;en blanco y negro;svart och vitt;Černá a bílá;黑白;czarny i biały;черное и белое;黑白;黑白;สีดำและสีขาว;黑白;黑白;黑白
m74;怀旧;คิดถึง;Sepia;노 스 탤 지어;Sepia;réminiscence;Reminiszenz;reminiscenza;herinnering;reminiscência;reminiscencia;Tankar;reminiscence;怀旧;wspomnienie;воспоминания;怀旧;怀旧;ความทรงจำ;怀旧;怀旧;怀旧
m75;负片;ฟิล์ม;Âm bản;원판;Negative ;négatif;negativ;negativo;negatief;negativo;negativo;negativ;negativní;负片;negatywny;отрицательный;负片;负片;เชิงลบ;负片;负片;负片
m76;曝晒;จากแสงแดด;Chỉnh sáng;기온 이 올 라;Solarization;exposition;Belichtung;Solarizzazione;belichting;exposição;exposición;exponering;expozice;曝晒;ekspozycja;экспозиция;曝晒;曝晒;การเปิดเผย;曝晒;曝晒;曝晒
m77;200;200;200;200;200;200;200;200;208;209;200;211;212;213;214;200;216;217;218;219;220;221
m78;400;400;400;400;400;400;400;400;408;409;400;411;412;413;414;400;416;417;418;419;420;421
m79;2秒;2 seconds;2 giây;이초;2 seconds;2 Seconds;2 seconds;2 secondi;10秒;11秒;2 Segundos;13秒;14秒;15秒;16秒;2 секунды ;18秒;19秒;20秒;21秒;22秒;23秒
m80;5秒;5 seconds;5 giây;오초;5 seconds;5 Seconds;5 seconds;5 secondi;13秒;14秒;5 Segundos;16秒;17秒;18秒;19秒;5 секунд ;21秒;22秒;23秒;24秒;25秒;26秒
m81;日期;วันที่;Ngày;날짜;Date;Date;Date;Date;日期;日期;Fecha;日期;日期;日期;日期;дата ;日期;日期;日期;日期;日期;日期
m82;日期/时间;วันที่ / เวลา;Ngày/Giờ;날짜 / 시간;Date/Time;Date/Heure;Datum/Uhrzeit;Date/Ora;日期/时间;日期/时间;Fecha/Hora;日期/时间;日期/时间;日期/时间;日期/时间;Дата / время ;日期/时间;日期/时间;日期/时间;日期/时间;日期/时间;日期/时间
m83;回放;เล่น;Phát lại;방송;Broadcast;delecture;Wiedergabe;Riproduzione;回放;回放;playback;回放;回放;回放;回放;трансляция ;回放;回放;回放;回放;回放;回放
m84;删除;ลบ;Xóa;삭제;Delete;Effacer;löschen;Elimina;删除;删除;Borrar;删除;删除;删除;删除;Удалить ;删除;删除;删除;删除;删除;删除
m85;保护;การคุ้มครอง;Bảo vệ;보호;Protection;Protection;Schutz;Protezione;保护;保护;Proteger;保护;保护;保护;保护;Защита ;保护;保护;保护;保护;保护;保护
m86;幻灯片播放;สไลด์โชว์;Trình chiếu;슬라이드 쇼;Slideshow;Diaporama;Diashow;Mostra Diapositive;幻灯片播放;幻灯片播放;Ver Diapositivas;幻灯片播放;幻灯片播放;幻灯片播放;幻灯片播放;Слайд-шоу ;幻灯片播放;幻灯片播放;幻灯片播放;幻灯片播放;幻灯片播放;幻灯片播放
m87;删除当前;แฟ้มปัจจุบัน;Xóa đang chọn?;현재 삭제 ?;Delete Current ?;Supprime ie courant;Löschungen z.Z.;Cancella la corrente;删除当前;删除当前;Suprime el actual;删除当前;删除当前;删除当前;删除当前;Удалить ток ;删除当前;删除当前;删除当前;删除当前;删除当前;删除当前
m88;全部删除;ไฟล์ทั้งหมด;Xóa hết?;모두 삭제 ?;Delete All ?;Effacer tont;Alle löschen;Elimina tutto;全部删除;全部删除;Borrar todo;全部删除;全部删除;全部删除;全部删除;Удалить все ;全部删除;全部删除;全部删除;全部删除;全部删除;全部删除
m89;加锁当前;ปกป้องแฟ้มปัจจุบัน;Khóa đang chọn;잠금 현재;Lock One;Verouillz ie courant;Eins Schutz.;Blocchi la corrente;加锁当前;加锁当前;Trabe el actual;加锁当前;加锁当前;加锁当前;加锁当前;Блокировка Текущий ;加锁当前;加锁当前;加锁当前;加锁当前;加锁当前;加锁当前
m90;解锁当前;ยกเลิกการป้องกันไฟล์ปัจจุบัน;Mở khóa đang chọn;현재 의 잠금을 해제;Ulock One;Ouverzle courant;Eins öffnen;Sblocchi la corrente;解锁当前;解锁当前;Abra el actual;解锁当前;解锁当前;解锁当前;解锁当前;Ulock Текущий ;解锁当前;解锁当前;解锁当前;解锁当前;解锁当前;解锁当前
m91;全部加锁;ปกป้องไฟล์ทั้งหมด;Khóa hết;모든 잠금;Lock All;Verouiller Tout;Alle Schutz.;Blocca tuto;全部加锁;全部加锁;Blog.Todo;全部加锁;全部加锁;全部加锁;全部加锁;ПОЛН.БЛОКИР ;全部加锁;全部加锁;全部加锁;全部加锁;全部加锁;全部加锁
m92;解锁全部;ยกเลิกการป้องกันไฟล์ทั้งหมด;Mở khóa hết;모든 잠금을 해제;Ulock All;Déverrouiller Tout;Alle öffnen;Sblocca tutto;解锁全部;解锁全部;Desblog.Todo;解锁全部;解锁全部;解锁全部;解锁全部;Ulock Все ;解锁全部;解锁全部;解锁全部;解锁全部;解锁全部;解锁全部
m93;2秒;2 seconds;2 Giây;2 초;2 Seconds;2 Seconds;2 Sek;2 secondi;10秒;11秒;2 Segundos;13秒;14秒;15秒;16秒;2 секунд ;18秒;19秒;20秒;21秒;22秒;23秒
m94;5秒;5 seconds;5 Giây;5 초;5 Seconds;5 Seconds;5 Sek;5 secondi;13秒;14秒;5 Segundos;16秒;17秒;18秒;19秒;5 секунд ;21秒;22秒;23秒;24秒;25秒;26秒
m95;8秒;8 seconds;8 Giây;8 초;8 Seconds;8 Seconds;8 Sek;8 Secondi;16秒;17秒;8 Segundos;19秒;20秒;21秒;22秒;8 секунд ;24秒;25秒;26秒;27秒;28秒;29秒
m96;设置;การตั้งค่า;Cài đặt;설치;Setup;Reglages;Einstellungen;lmpostazioni;设置;设置;Configuración;设置;设置;设置;设置;установка ;设置;设置;设置;设置;设置;设置
m97;日期/时间;วันที่ / เวลา;Ngày/Giờ;날짜 / 시간;Date/Time;Date/Heure;Datum/Uhrzeit;Date/Ora;日期/时间;日期/时间;Fecha/Hora;日期/时间;日期/时间;日期/时间;日期/时间;Дата / время ;日期/时间;日期/时间;日期/时间;日期/时间;日期/时间;日期/时间
m98;自动关机;ปิดโดยอัตโนมัติ;Tự động tắt;자동 전원 차단;Auto Power Off;Arret Auto;Auto Aus;Spegnim.aut.;自动关机;自动关机;Desconexión Automático;自动关机;自动关机;自动关机;自动关机;AutomaticPowerOff ;自动关机;自动关机;自动关机;自动关机;自动关机;自动关机
m99;按键声音;เสียงแจ้งเตือน;Tiếng bíp;키 소리;Beep Sound;Bip Sonore;Akustisches Signal;Segnale acust.;按键声音;按键声音;Sonido Bip;按键声音;按键声音;按键声音;按键声音;звуковой сигнал ;按键声音;按键声音;按键声音;按键声音;按键声音;按键声音
m100;语言设置;ภาษา;Ngôn ngữ;언어;Language;langues;Sprache;lingua;语言设置;语言设置;ldioma;语言设置;语言设置;语言设置;语言设置;язык ;语言设置;语言设置;语言设置;语言设置;语言设置;语言设置
m101;TV模式;ออกทีวี;Chế độ TV;TV 모드;TV Mode;Mode de TV;TV-Modus;Modo della TV;TV模式;TV模式;Modo de la TV;TV模式;TV模式;TV模式;TV模式;Режим ТВ ;TV模式;TV模式;TV模式;TV模式;TV模式;TV模式
m102;光源频率;ความถี่;Tần số;주파수;Frequency;fréquence;Frequenz;Frequenza;光源频率;光源频率;Frecuencia;光源频率;光源频率;光源频率;光源频率;Частота ;光源频率;光源频率;光源频率;光源频率;光源频率;光源频率
m103;红外灯设定;ชุดอินฟราเรด;Cài đặt đèn hồng ngoại;빨간색 램프 설정;RedLamp setting;Arrangement de lampe;Het plaatsen van de lamp;Regolazione della lampada;红外灯设定;红外灯设定;Ajuste de la lámpara;红外灯设定;红外灯设定;红外灯设定;红外灯设定;установка RedLamp ;红外灯设定;红外灯设定;红外灯设定;红外灯设定;红外灯设定;红外灯设定
m104;影像旋转;หมุนภาพ;Xoay hình ảnh;회전;Rotate;Rotation de l'image;Bilddrehung;Rotazione immagine;影像旋转;影像旋转;Rotación de imagen;影像旋转;影像旋转;影像旋转;影像旋转;поворот изображения ;影像旋转;影像旋转;影像旋转;影像旋转;影像旋转;影像旋转
m105;屏幕保护;โปรแกรมรักษาหน้าจอ;Độ sáng màn hình;의 밝기;LCD Brightness;LCD Brightness;LCD Helligkeit;luminosita LCD;屏幕保护;屏幕保护;Luminosidad LCD;屏幕保护;屏幕保护;屏幕保护;屏幕保护;Яркость экрана ;屏幕保护;屏幕保护;屏幕保护;屏幕保护;屏幕保护;屏幕保护
m106;重力感应;เซ็นเซอร์แรงโน้มถ่วง;Cảm biến trọng lực;중력 감지;Gravity sensing;sensibilité Accélérométre;Schwerkraft-Sensor;Accelerometro sensibilita;重力感应;重力感应;Acelerómeto sensibilidad;重力感应;重力感应;重力感应;重力感应;Gsensor ;重力感应;重力感应;重力感应;重力感应;重力感应;重力感应
m107;设置;การตั้งค่า;Cài đặt;설정;Setting;Réglage;Blenden-Einst.;lmpostazione;设置;设置;Ajuste;设置;设置;设置;设置;Настройка ;设置;设置;设置;设置;设置;设置
m108;格式化;การจัดรูปแบบ;Định dạng;형식;Format;Format;formatieren;Formattazione;格式化;格式化;Formato;格式化;格式化;格式化;格式化;Формат ;格式化;格式化;格式化;格式化;格式化;格式化
m109;默认设置;โดยค่าเริ่มต้น;Về cài đặt gốc;기본 설정;Default Setting;Regl Defaut;Standard Einstell;lmpost.predef;默认设置;默认设置;configuración por defecto;默认设置;默认设置;默认设置;默认设置;Значение по умолчанию ;默认设置;默认设置;默认设置;默认设置;默认设置;默认设置
m110;版本;รุ่น;Phiên bản;버전;Version;Version;Freisetzung;Versione;版本;版本;Versión;版本;版本;版本;版本;Версия ;版本;版本;版本;版本;版本;版本
m111;关;ปิด;Tắt;오프;Off;Desactive;Aus;OFF;关;关;Apagado;关;关;关;关;выкл.;关;关;关;关;关;关
m112;1分钟;1 นาที;1 Phút;1 분;1 Minute;1 Min;1 Min;1 Min;9分钟;10分钟;1 Min;12分钟;13分钟;14分钟;15分钟;1 минуту ;17分钟;18分钟;19分钟;20分钟;21分钟;22分钟
m113;3分钟;3 นาที;3 Phút;3 분;3 Minutes;3 Mins;3 Min;3 Min;11分钟;12分钟;3 Min;14分钟;15分钟;16分钟;17分钟;3 минут ;19分钟;20分钟;21分钟;22分钟;23分钟;24分钟
m114;Tiếng Việt;Tiếng Việt;Tiếng Việt;Tiếng Việt;Tiếng Việt;Tiếng Việt;Tiếng Việt;Tiếng Việt;Tiếng Việt;Tiếng Việt;Tiếng Việt;Tiếng Việt;Tiếng Việt;Tiếng Việt;Tiếng Việt;Tiếng Việt;Tiếng Việt;Tiếng Việt;Tiếng Việt;Tiếng Việt;Tiếng Việt;Tiếng Việt
m115;русский;русский;русский;русский;русский;русский;русский;русский;русский;русский;русский;русский;русский;русский;русский;русский;русский;русский;русский;русский;русский;русский
m116;ภาษาไทย;ภาษาไทย;ภาษาไทย;ภาษาไทย;ภาษาไทย;ภาษาไทย;ภาษาไทย;ภาษาไทย;ภาษาไทย;ภาษาไทย;ภาษาไทย;ภาษาไทย;ภาษาไทย;ภาษาไทย;ภาษาไทย;ภาษาไทย;ภาษาไทย;ภาษาไทย;ภาษาไทย;ภาษาไทย;ภาษาไทย;ภาษาไทย
m117;简体中文;简体中文;简体中文;简体中文;简体中文;简体中文;简体中文;简体中文;简体中文;简体中文;简体中文;简体中文;简体中文;简体中文;简体中文;简体中文;简体中文;简体中文;简体中文;简体中文;简体中文;简体中文
m118;Italiano;Italiano;Italiano;Italiano;Italiano;Italiano;Italiano;Italiano;Italiano;Italiano;Italiano;Italiano;Italiano;Italiano;Italiano;Italiano;Italiano;Italiano;Italiano;Italiano;Italiano;Italiano
m119;Deutsch;Deutsch;Deutsch;Deutsch;Deutsch;Deutsch;Deutsch;Deutsch;Deutsch;Deutsch;Deutsch;Deutsch;Deutsch;Deutsch;Deutsch;Deutsch;Deutsch;Deutsch;Deutsch;Deutsch;Deutsch;Deutsch
m120;Espanol;Espanol;Espanol;Espanol;Espanol;Espanol;Espanol;Espanol;Espanol;Espanol;Espanol;Espanol;Espanol;Espanol;Espanol;Espanol;Espanol;Espanol;Espanol;Espanol;Espanol;Espanol
m121;français;français;français;français;français;français;français;français;français;français;français;français;français;français;français;français;français;français;français;français;français;français
m122;English;English;English;English;English;English;English;English;English;English;English;English;English;English;English;English;English;English;English;English;English;English
m123;PAL;PAL;PAL;PAL;PAL;PAL;PAL;PAL;PAL;PAL;PAL;PAL;PAL;PAL;PAL;PAL ;PAL;PAL;PAL;PAL;PAL;PAL
m124;NTSC;NTSC;NTSC;NTSC;NTSC;NTSC;NTSC;NTSC;NTSC;NTSC;NTSC;NTSC;NTSC;NTSC;NTSC;NTSC ;NTSC;NTSC;NTSC;NTSC;NTSC;NTSC
m125;50Hz;50hz;50hz;50Hz;50Hz;50hz;50hz;50hz;58hz;59hz;50hz;61hz;62hz;63hz;64hz;50 Гц ;66hz;67hz;68hz;69hz;70hz;71hz
m126;60Hz;60hz;60hz;60Hz;60Hz;60hz;60hz;60hz;68hz;69hz;60hz;71hz;72hz;73hz;74hz;60 Гц ;76hz;77hz;78hz;79hz;80hz;81hz
m127;关;ปิด;Off;오프;Off;Off;Aus;OFF;关;关;Apagado;关;关;关;关;выкл.;关;关;关;关;关;关
m128;自动;โดยอัตโนมัติ;Auto;자동;Auto;Auto;Auto;Automatico;自动;自动;Encendido;自动;自动;自动;自动;Авто ;自动;自动;自动;自动;自动;自动
m129;3分钟;3 นาที;3 Phút;3 분;3 Minute;3 Mins;3 Minute;3 Min;11分钟;12分钟;3 Min;14分钟;15分钟;16分钟;17分钟;3 мин.;19分钟;20分钟;21分钟;22分钟;23分钟;24分钟
m130;5分钟;5 นาที;5 Phút;5 분;5 Minutes;5 Mins;5 Minute;5 Min;13分钟;14分钟;5 Min;16分钟;17分钟;18分钟;19分钟;5 мин.;21分钟;22分钟;23分钟;24分钟;25分钟;26分钟
m131;10分钟;10 นาที;10 Phút;10 분;10 Minutes;10 Mins;10 Min;10 Min;18分钟;19分钟;10 Min;21分钟;22分钟;23分钟;24分钟;10 мин.;26分钟;27分钟;28分钟;29分钟;30分钟;31分钟
m132;高;สูง;Cao;고;High;Supérieur;Hoch;Alta;高;高;Alta;高;高;高;高;высокий ;高;高;高;高;高;高
m133;中;ใน;Trung bình;중간;Medium;Moyen;Mittel;Media;中;中;Media;中;中;中;中;в ;中;中;中;中;中;中
m134;低;ต่ำ;Thấp;낮은;Low;Faible;Gering;Bassa;低;低;Baja;低;低;低;低;низкий ;低;低;低;低;低;低
m135;内存;ที่สร้างขึ้นในหน่วยความจำ;Bộ nhớ trong;내 사과 메모리;lnternal Memory;Memoire lnterne;Interner Speicher;Memoria lnterna;内存;内存;Memoria lnterna;内存;内存;内存;内存;lnternal памяти ;内存;内存;内存;内存;内存;内存
m136;SD卡;การ์ดหน่วยความจํา;Thẻ nhớ;SD 카드;SD Card;Carte SD;SD Karte;Scheda SD;SD卡;SD卡;Tarjeta SD;SD卡;SD卡;SD卡;SD卡;Sd - карта;SD卡;SD卡;SD卡;SD卡;SD卡;SD卡
m137;开始录像;เริ่มต้นการบันทึกวิดีโอ;Bắt đầu quay;부터 비디오;Start the video;Vidéo à;开始录像;开始录像;开始录像;开始录像;开始录像;开始录像;开始录像;开始录像;开始录像;начать запись ;开始录像;开始录像;开始录像;开始录像;开始录像;开始录像
m138;保存录像;บันทึกวิดีโอ;Lưu video;보존 비디오;Save the video;Vidéo de conservation;保存录像;保存录像;保存录像;保存录像;保存录像;保存录像;保存录像;保存录像;保存录像; сохранить  видео;保存录像;保存录像;保存录像;保存录像;保存录像;保存录像
m139;存储器;หน่วยความจำ;Bộ nhơ;대용량 저장 장치;Mass Storage;mémoire;Speicher;Mass Storage;Mass Storage;Mass Storage;Mass Storage;Mass Storage;Mass Storage;Mass Storage;Mass Storage;память ;Mass Storage;Mass Storage;Mass Storage;Mass Storage;Mass Storage;Mass Storage
m140;PC摄像;พีซีกล้อง;PC Camera;카메라;PC Camera;PC vidéo;PC Fotoapparat;PC Camera;PC Camera;PC Camera;PC Camera;PC Camera;PC Camera;PC Camera;PC Camera; PC  камера;PC Camera;PC Camera;PC Camera;PC Camera;PC Camera;PC Camera
m141;USB;USB;USB;USB;USB;USB;USB;USB;USB;USB;USB;USB;USB;USB;USB;USB;USB;USB;USB;USB;USB;USB
m142;取消;การยกเลิก;Hủy;취소;cancel;supprimer;Abbrechen;取消;取消;取消;取消;取消;取消;取消;取消;отменить ;取消;取消;取消;取消;取消;取消
m143;确认;การยืนยัน;ok;확인;ok;reconnaît;bestätigen;确认;确认;确认;确认;确认;确认;确认;确认; подтвердить;确认;确认;确认;确认;确认;确认
m144;한글;한글;한글;한글;한글;한글;한글;한글;한글;한글;한글;한글;한글;한글;한글;한글;한글;한글;한글;한글;한글;한글;;;;;;;;;;;;;;;;;;;;;;;;;;;;;;;;;;;;;;;;;;;;;;;;;;;;;;;;;;;;;;;;;;;;;;;;;;;;;;;;;;;;;;;;;;;;;;;;;;;;;;;;;;;;;;;;;;;;;;;;;;;;;;;;;;;;;;;;;;;;;;;;;;;;;;;;;;;;;;;;;;;;;;;;;;;;;;;;;;;;;;;;;;;;;;;;;;;;;;;;;;;;;;;;;;;;;;;;;;;;;;;;;;;;;;;;;
m145;恢复默认设置 ?;เรียกคืนค่าปริยาย？;Quay về mặc định;기본 설정을 복원 ?;Restore Default;Rétablir incorporées;Standard wiederherstellen;恢复默认设置;恢复默认设置;恢复默认设置;恢复默认设置;恢复默认设置;恢复默认设置;恢复默认设置;恢复默认设置;восстановить настройки по умолчанию ;恢复默认设置;恢复默认设置;恢复默认设置;恢复默认设置;恢复默认设置;恢复默认设置;;;;;;;;;;;;;;;;;;;;;;;;;;;;;;;;;;;;;;;;;;;;;;;;;;;;;;;;;;;;;;;;;;;;;;;;;;;;;;;;;;;;;;;;;;;;;;;;;;;;;;;;;;;;;;;;;;;;;;;;;;;;;;;;;;;;;;;;;;;;;;;;;;;;;;;;;;;;;;;;;;;;;;;;;;;;;;;;;;;;;;;;;;;;;;;;;;;;;;;;;;;;;;;;;;;;;;;;;;;;;;;;;;;;;;;;;
m146;删除所有数据 ?;ลบข้อมูลทั้งหมด？;Xóa hết dữ liệu;모든 데이터가 삭제됩니다 ?;Delete all data;Supprimer toutes les données;Alle Daten löschen;删除所有数据;删除所有数据;删除所有数据;删除所有数据;删除所有数据;删除所有数据;删除所有数据;删除所有数据; Удалить все  данные ;删除所有数据;删除所有数据;删除所有数据;删除所有数据;删除所有数据;删除所有数据;;;;;;;;;;;;;;;;;;;;;;;;;;;;;;;;;;;;;;;;;;;;;;;;;;;;;;;;;;;;;;;;;;;;;;;;;;;;;;;;;;;;;;;;;;;;;;;;;;;;;;;;;;;;;;;;;;;;;;;;;;;;;;;;;;;;;;;;;;;;;;;;;;;;;;;;;;;;;;;;;;;;;;;;;;;;;;;;;;;;;;;;;;;;;;;;;;;;;;;;;;;;;;;;;;;;;;;;;;;;;;;;;;;;;;;;;
m147;删除当前文件 ?;ลบแฟ้มปัจจุบัน？;Xóa cái này?;이 지우기 ?;Erase This ?;La suppression du présent document;删除当前文件;删除当前文件;删除当前文件;删除当前文件;删除当前文件;删除当前文件;删除当前文件;删除当前文件;删除当前文件; Удалить  текущий файл ;删除当前文件;删除当前文件;删除当前文件;删除当前文件;删除当前文件;删除当前文件;;;;;;;;;;;;;;;;;;;;;;;;;;;;;;;;;;;;;;;;;;;;;;;;;;;;;;;;;;;;;;;;;;;;;;;;;;;;;;;;;;;;;;;;;;;;;;;;;;;;;;;;;;;;;;;;;;;;;;;;;;;;;;;;;;;;;;;;;;;;;;;;;;;;;;;;;;;;;;;;;;;;;;;;;;;;;;;;;;;;;;;;;;;;;;;;;;;;;;;;;;;;;;;;;;;;;;;;;;;;;;;;;;;;;;;;;
m148;删除所有文件 ?;ลบไฟล์ทั้งหมดที่？;Xóa hết hình ảnh;모든 데이터를 삭제;Erase All images ?;Supprimer tous les documents;删除所有文件;删除所有文件;모든 이미지를 삭제 ?;Erase All images ?;删除所有文件;删除所有文件;删除所有文件;모든 이미지를 삭제 ?;Erase All images ?; Удалить все файлы ;删除所有文件;删除所有文件;모든 이미지를 삭제 ?;Erase All images ?;모든 이미지를 삭제 ?;Erase All images ?;;;;;;;;;;;;;;;;;;;;;;;;;;;;;;;;;;;;;;;;;;;;;;;;;;;;;;;;;;;;;;;;;;;;;;;;;;;;;;;;;;;;;;;;;;;;;;;;;;;;;;;;;;;;;;;;;;;;;;;;;;;;;;;;;;;;;;;;;;;;;;;;;;;;;;;;;;;;;;;;;;;;;;;;;;;;;;;;;;;;;;;;;;;;;;;;;;;;;;;;;;;;;;;;;;;;;;;;;;;;;;;;;;;;;;;;;
m149;请稍候;โปรดรอสักครู่;Vui lòng đợi;잠시 기다려주십시오;Please Wait;Demande un;Bitte warten;请稍候;잠시 기다려주십시오;Please Wait;请稍候;请稍候;请稍候;잠시 기다려주십시오;Please Wait; Пожалуйста, подождите ;请稍候;请稍候;잠시 기다려주십시오;Please Wait;잠시 기다려주십시오;Please Wait;;;;;;;;;;;;;;;;;;;;;;;;;;;;;;;;;;;;;;;;;;;;;;;;;;;;;;;;;;;;;;;;;;;;;;;;;;;;;;;;;;;;;;;;;;;;;;;;;;;;;;;;;;;;;;;;;;;;;;;;;;;;;;;;;;;;;;;;;;;;;;;;;;;;;;;;;;;;;;;;;;;;;;;;;;;;;;;;;;;;;;;;;;;;;;;;;;;;;;;;;;;;;;;;;;;;;;;;;;;;;;;;;;;;;;;;;
m150;再见;ลาก่อน;Tạm biệt;안녕;Goodbye;Au revoir;再见;再见;再见;再见;再见;再见;再见;再见;再见; До свидания ;再见;再见;再见;再见;再见;再见;;;;;;;;;;;;;;;;;;;;;;;;;;;;;;;;;;;;;;;;;;;;;;;;;;;;;;;;;;;;;;;;;;;;;;;;;;;;;;;;;;;;;;;;;;;;;;;;;;;;;;;;;;;;;;;;;;;;;;;;;;;;;;;;;;;;;;;;;;;;;;;;;;;;;;;;;;;;;;;;;;;;;;;;;;;;;;;;;;;;;;;;;;;;;;;;;;;;;;;;;;;;;;;;;;;;;;;;;;;;;;;;;;;;;;;;;
m151;电量不足;แบตเตอรี่ต่ำ;Pin yếu;전기 의 부족;Low Battery;Manque d’électricité;niedrige Batterie;电量不足;전기 의 부족;Low Battery;电量不足;电量不足;电量不足;전기 의 부족;Low Battery; нехватка электроэнергии ;电量不足;电量不足;전기 의 부족;Low Battery;电量不足;电量不足;;;;;;;;;;;;;;;;;;;;;;;;;;;;;;;;;;;;;;;;;;;;;;;;;;;;;;;;;;;;;;;;;;;;;;;;;;;;;;;;;;;;;;;;;;;;;;;;;;;;;;;;;;;;;;;;;;;;;;;;;;;;;;;;;;;;;;;;;;;;;;;;;;;;;;;;;;;;;;;;;;;;;;;;;;;;;;;;;;;;;;;;;;;;;;;;;;;;;;;;;;;;;;;;;;;;;;;;;;;;;;;;;;;;;;;;;
m152;没有文件;ไม่มีไฟล์;Không có tệp;어떤 파일이 없습니다;No File;Pas de documentation;keine Dateien;没有文件;어떤 파일이 없습니다;No File;没有文件;没有文件;没有文件;어떤 파일이 없습니다;No File; Нет файлов ;没有文件;没有文件;어떤 파일이 없습니다;No File;没有文件;没有文件;;;;;;;;;;;;;;;;;;;;;;;;;;;;;;;;;;;;;;;;;;;;;;;;;;;;;;;;;;;;;;;;;;;;;;;;;;;;;;;;;;;;;;;;;;;;;;;;;;;;;;;;;;;;;;;;;;;;;;;;;;;;;;;;;;;;;;;;;;;;;;;;;;;;;;;;;;;;;;;;;;;;;;;;;;;;;;;;;;;;;;;;;;;;;;;;;;;;;;;;;;;;;;;;;;;;;;;;;;;;;;;;;;;;;;;;;
m153;内存错误;ข้อผิดพลาดของหน่วยความจำ;Lỗi thẻ;메모리 오류;Card err;Erreur du quartier général de la;内存错误;内存错误;메모리 오류;Card err;内存错误;内存错误;内存错误;메모리 오류;Card err; памяти ошибка ;内存错误;内存错误;메모리 오류;Card err;内存错误;内存错误;;;;;;;;;;;;;;;;;;;;;;;;;;;;;;;;;;;;;;;;;;;;;;;;;;;;;;;;;;;;;;;;;;;;;;;;;;;;;;;;;;;;;;;;;;;;;;;;;;;;;;;;;;;;;;;;;;;;;;;;;;;;;;;;;;;;;;;;;;;;;;;;;;;;;;;;;;;;;;;;;;;;;;;;;;;;;;;;;;;;;;;;;;;;;;;;;;;;;;;;;;;;;;;;;;;;;;;;;;;;;;;;;;;;;;;;;
m154;存储器;หน่วยความจำ;Bộ nhớ;메모리;memory;mémoire;存储器;存储器;메모리;memory;存储器;存储器;存储器;메모리;memory; память ;存储器;存储器;메모리;memory;存储器;存储器;;;;;;;;;;;;;;;;;;;;;;;;;;;;;;;;;;;;;;;;;;;;;;;;;;;;;;;;;;;;;;;;;;;;;;;;;;;;;;;;;;;;;;;;;;;;;;;;;;;;;;;;;;;;;;;;;;;;;;;;;;;;;;;;;;;;;;;;;;;;;;;;;;;;;;;;;;;;;;;;;;;;;;;;;;;;;;;;;;;;;;;;;;;;;;;;;;;;;;;;;;;;;;;;;;;;;;;;;;;;;;;;;;;;;;;;;
m155;没有照片;ไม่มีรูป;Không có ảnh;이미지 없음;NO Image;Pas de photographie;没有照片;没有照片;이미지 없음;NO Image;没有照片;没有照片;没有照片;이미지 없음;NO Image; Нет фотографии ;没有照片;没有照片;이미지 없음;NO Image;没有照片;没有照片;;;;;;;;;;;;;;;;;;;;;;;;;;;;;;;;;;;;;;;;;;;;;;;;;;;;;;;;;;;;;;;;;;;;;;;;;;;;;;;;;;;;;;;;;;;;;;;;;;;;;;;;;;;;;;;;;;;;;;;;;;;;;;;;;;;;;;;;;;;;;;;;;;;;;;;;;;;;;;;;;;;;;;;;;;;;;;;;;;;;;;;;;;;;;;;;;;;;;;;;;;;;;;;;;;;;;;;;;;;;;;;;;;;;;;;;;
m156;存储器;หน่วยความจำ;Kho lưu trữ;대용량 저장 장치;Mass Storage;mémoire;存储器;存储器;대용량 저장 장치;Mass Storage;存储器;存储器;存储器;대용량 저장 장치;Mass Storage; память;存储器;存储器;대용량 저장 장치;Mass Storage;存储器;存储器;;;;;;;;;;;;;;;;;;;;;;;;;;;;;;;;;;;;;;;;;;;;;;;;;;;;;;;;;;;;;;;;;;;;;;;;;;;;;;;;;;;;;;;;;;;;;;;;;;;;;;;;;;;;;;;;;;;;;;;;;;;;;;;;;;;;;;;;;;;;;;;;;;;;;;;;;;;;;;;;;;;;;;;;;;;;;;;;;;;;;;;;;;;;;;;;;;;;;;;;;;;;;;;;;;;;;;;;;;;;;;;;;;;;;;;;;
m157;存储空间不足;พื้นที่จัดเก็บไม่เพียงพอ;Thiếu bộ nhớ;디스크 공간 부족;Lack of space;Le manque d'espace de stockage;Zu wenig Speicherplatz;La mancanza di spazio;Gebrek aan opslagruimte;A falta de espaço de armazenamento;La falta de espacio de almacenamiento;Brist på lagringsutrymme;Nedostatek úložného prostoru;Insufficient Disk Space;Brak miejsca;недостаточно места для хранения ;Insufficient Disk Space;Insufficient Disk Space;ขาดของพื้นที่จัดเก็บ;Insufficient Disk Space;Insufficient Disk Space;디스크 공간 부족;;;;;;;;;;;;;;;;;;;;;;;;;;;;;;;;;;;;;;;;;;;;;;;;;;;;;;;;;;;;;;;;;;;;;;;;;;;;;;;;;;;;;;;;;;;;;;;;;;;;;;;;;;;;;;;;;;;;;;;;;;;;;;;;;;;;;;;;;;;;;;;;;;;;;;;;;;;;;;;;;;;;;;;;;;;;;;;;;;;;;;;;;;;;;;;;;;;;;;;;;;;;;;;;;;;;;;;;;;;;;;;;;;;;;;;;;
m158;请格式化卡;กรุณาจัดรูปแบบบัตร;Vui lòng định dạng thẻ;카드를 포맷하십시오;Please format the card;Please format the card;Formatieren Sie die Karte;Please format the card;Please format the card;Please format the card;Please format the card;Please format the card;Please format the card;Please format the card;Please format the card; Пожалуйста,  форматирование  карты ;Please format the card;Please format the card;Please format the card;Please format the card;Please format the card;Please format the card;;;;;;;;;;;;;;;;;;;;;;;;;;;;;;;;;;;;;;;;;;;;;;;;;;;;;;;;;;;;;;;;;;;;;;;;;;;;;;;;;;;;;;;;;;;;;;;;;;;;;;;;;;;;;;;;;;;;;;;;;;;;;;;;;;;;;;;;;;;;;;;;;;;;;;;;;;;;;;;;;;;;;;;;;;;;;;;;;;;;;;;;;;;;;;;;;;;;;;;;;;;;;;;;;;;;;;;;;;;;;;;;;;;;;;;;;
m159;请插入SD卡;กรุณาใส่การ์ด SD;Vui lòng lắp thẻ nhớ;SD 카드를 삽입 하십시오;Please Insert SD Card;Insert SD Karten;Einsetzen einer SD-Karte;请插入SD卡;SD 카드를 삽입 하십시오;Please Insert SD Card;请插入SD卡;请插入SD卡;请插入SD卡;SD 카드를 삽입 하십시오;Please Insert SD Card; Просьба включить  sd ;请插入SD卡;请插入SD卡;SD 카드를 삽입 하십시오;Please Insert SD Card;请插入SD卡;请插入SD卡;;;;;;;;;;;;;;;;;;;;;;;;;;;;;;;;;;;;;;;;;;;;;;;;;;;;;;;;;;;;;;;;;;;;;;;;;;;;;;;;;;;;;;;;;;;;;;;;;;;;;;;;;;;;;;;;;;;;;;;;;;;;;;;;;;;;;;;;;;;;;;;;;;;;;;;;;;;;;;;;;;;;;;;;;;;;;;;;;;;;;;;;;;;;;;;;;;;;;;;;;;;;;;;;;;;;;;;;;;;;;;;;;;;;;;;;;
m160;取消;การยกเลิก;Hủy;취소;Cancel;supprimer;取消;取消;取消;取消;取消;取消;取消;取消;取消; отменить ;取消;取消;取消;取消;取消;取消
m161;确认;การยืนยัน;Xác nhận;확인;Confirm;reconnaît;确认;确认;确认;确认;确认;确认;确认;确认;确认; подтвердить ;确认;确认;确认;确认;确认;确认
m162;正在删除文件...;ลบไฟล์ . . . ;Đang xóa tệp…;삭 제하 고 있 는데 문서...;Deleting the file...;Le document était en voie d’être supprimée...;正在删除文件...;正在删除文件...;正在删除文件...;正在删除文件...;正在删除文件...;正在删除文件...;正在删除文件...;正在删除文件...;正在删除文件...; Удалить  файл...;正在删除文件...;正在删除文件...;正在删除文件...;正在删除文件...;正在删除文件...;正在删除文件...
m163;1080P;1080P;1080P;1080P;1080P;1080P;1080P;1080P;1080P;1080P;1080P;1080P;1080P;1080P;1080P;1080P;1080P;1080P;1080P;1080P;1080P;1080P
m164;720P;720P;720P;720P;720P;720P;720P;720P;720P;720P;720P;720P;720P;720P;720P;720P;720P;720P;720P;720P;720P;720P
m165;VGA;VGA;VGA;VGA;VGA;VGA;VGA;VGA;VGA;VGA;VGA;VGA;VGA;VGA;VGA;VGA;VGA;VGA;VGA;VGA;VGA;VGA
m166;2M;2M;2M;2M;2M;2M;2M;2M;2M;2M;2M;2M;2M;2M;2M;2M;2M;2M;2M;2M;2M;2M
m167;恢复出厂设置成功，重启中...;เรียกคืนการตั้งค่าโรงงานที่ประสบความสําเร็จในการรีสตาร์ท . . . . . . .;Đang khôi phục cài đặt, đang cài đặt lại…;회복 중인 것 으로 알 려 진 공장도 에 설치 된 다;Resuming settings,resetting...;Chaque reprend son cours…;Wiederaufnahme…;正在恢复出厂设置…;正在恢复出厂设置…;正在恢复出厂设置…;正在恢复出厂设置…;正在恢复出厂设置…;正在恢复出厂设置…;正在恢复出厂设置…;正在恢复出厂设置…;В настоящее время  восстановить заводские настройки  ... ;正在恢复出厂设置…;正在恢复出厂设置…;正在恢复出厂设置…;正在恢复出厂设置…;正在恢复出厂设置…;正在恢复出厂设置…
m168;正在格式化…;การจัดรูปแบบ ...;Đang định dạng…;중 범죄수사 드라마 csi…;Formatting…;Présentation en…;Formatieren…;正在格式化…;正在格式化…;正在格式化…;正在格式化…;正在格式化…;正在格式化…;正在格式化…;正在格式化…; Форматирование  ... ;正在格式化…;正在格式化…;正在格式化…;正在格式化…;正在格式化…;正在格式化…
m169;正在删除全部文件…;จะลบไฟล์ทั้งหมด …;Đang xóa hết tệp…;삭 제하 고 있 는데 모두 문건 이다…;Deleting all files…;Tous les documents était en voie d’être supprimée…;正在删除全部文件…;正在删除全部文件…;正在删除全部文件…;正在删除全部文件…;正在删除全部文件…;正在删除全部文件…;正在删除全部文件…;正在删除全部文件…;正在删除全部文件…; Удалить  все  файлы...;正在删除全部文件…;正在删除全部文件…;正在删除全部文件…;正在删除全部文件…;正在删除全部文件…;正在删除全部文件…
m170;10秒;10 seconds;10 Giây;10S;10 Second;10S;10zweite;10秒;10秒;10秒;10秒;10秒;10秒;10秒;10秒;10  секунд ;10秒;10秒;10秒;10秒;10秒;10秒
m171;20秒;20 seconds;20 Giây;20S;20 Second;20S;20zweite;20秒;20秒;20秒;20秒;20秒;20秒;20秒;20秒; 20 секунд ;20秒;20秒;20秒;20秒;20秒;20秒
m172;30秒;;30 Giây;30S;30 Second;30S;30zweite;30秒;30秒;30秒;30秒;30秒;30秒;30秒;30秒; 30 секунд;30秒;30秒;30秒;30秒;30秒;30秒
m173;1M;1M;1M;1M;1M;1M;1M;1M;1M;1M;1M;1M;1M;1M;1M;1M;1M;1M;1M;1M;1M;1M
m174;录音;บันทึกเสียง;Đang ghi;녹음;Recording;enregistrer sur bande;Aufzeichnung;錄音;錄音;錄音;錄音;錄音;錄音;錄音;錄音;запись;錄音;錄音;錄音;錄音;錄音;錄音
m175;停车守卫;ที่จอดรถรปภ;Trông xe;주차 수비;Parking Guard;parking surveillé;Parkplatz-Monitor;parcheggio custodito;bewaakt parkeren;parque com vigilância;estacionamiento con vigilancia;parkering med vakt;hlídané parkoviště;停车守卫;parking strzeżony;Парковка  охранников;停车守卫;停车守卫;ที่จอดรถแบบมีคนดูแล;停车守卫;停车守卫;停车守卫
m176;录像模式;โหมดการบันทึกวิดีโอ;Chế độ ghi;비디오 모델;REC_mode;Modèle vidéo;Kameramodus;录像模式;录像模式;录像模式;录像模式;录像模式;录像模式;录像模式;录像模式;видео  в режиме ;录像模式;录像模式;录像模式;录像模式;录像模式;录像模式
m177;坏损文件;แตกไฟล์;Tệp bị lỗi;나 쁜 훼손시키다 문서; Damaged File; Damaged File;beschädigte Datei; Damaged File; Damaged File; Damaged File; Damaged File; Damaged File; Damaged File; Damaged File; Damaged File; поврежденных  файлов ; Damaged File; Damaged File; Damaged File; Damaged File; Damaged File; Damaged File
m178;常用设置;การตั้งค่าทั่วไป;Cài đặt chung;일반 설정;Common Settings;Common Settings;Allgemeine Einstellungen;Allgemeine Einstellungen;Allgemeine Einstellungen;Allgemeine Einstellungen;Allgemeine Einstellungen;Allgemeine Einstellungen;Allgemeine Einstellungen;Allgemeine Einstellungen;Allgemeine Einstellungen; Общие настройки ;Allgemeine Einstellungen;Allgemeine Einstellungen;Allgemeine Einstellungen;Allgemeine Einstellungen;Allgemeine Einstellungen;Allgemeine Einstellungen
m179;风格偏好;ชอบรูปแบบ;Kiểu ưa thích;스타일 환경 설정;Style preferences;Style preferences;Stilpräferenzen;Stilpräferenzen;Stilpräferenzen;Stilpräferenzen;Stilpräferenzen;Stilpräferenzen;Stilpräferenzen;Stilpräferenzen;Stilpräferenzen; стиль предпочтения ;Stilpräferenzen;Stilpräferenzen;Stilpräferenzen;Stilpräferenzen;Stilpräferenzen;Stilpräferenzen
m180;安全辅助;ช่วยเซฟ;Trợ giúp an toàn;안전 보조;Safety aids;Safety aids;Sicherheitshilfsmittel;Sicherheitshilfsmittel;Sicherheitshilfsmittel;Sicherheitshilfsmittel;Sicherheitshilfsmittel;Sicherheitshilfsmittel;Sicherheitshilfsmittel;Sicherheitshilfsmittel;Sicherheitshilfsmittel; Безопасности помощь ;Sicherheitshilfsmittel;Sicherheitshilfsmittel;Sicherheitshilfsmittel;Sicherheitshilfsmittel;Sicherheitshilfsmittel;Sicherheitshilfsmittel
m181;系统设置;การตั้งค่าระบบ;Thiết lập hệ thống;시스템 설정;System Settings;System Settings;System Settings;System Settings;System Settings;System Settings;System Settings;System Settings;System Settings;System Settings;System Settings; Настройки системы ;System Settings;System Settings;System Settings;System Settings;System Settings;System Settings
m182;延时摄影;เวลาล่วงเลยภาพถ่าย;Chụp ảnh time-lapse;시간 경과 사진;Time-lapse Photography;Time-lapse Photography;Time-Lapse Fotografie;Fotografia time-lapse;延时摄影;延时摄影;延时摄影;延时摄影;延时摄影;延时摄影;延时摄影; замедленная киносъёмка ;延时摄影;延时摄影;延时摄影;延时摄影;延时摄影;延时摄影
m183;慢动作;ในการเคลื่อนไหวช้า;Chụp chuyển động chậm;슬로우 모션;Slow motion;Slow motion;Zeitlupe;Slow motion;慢动作;慢动作;慢动作;慢动作;慢动作;慢动作;慢动作; медленный ;慢动作;慢动作;慢动作;慢动作;慢动作;慢动作
m184;自拍;ตัวจับเวลา;Tự hẹn giờ;셀프 타이머;Self timer;Retardateur;Selbstauslöser;自拍;自拍;自拍;自拍;自拍;自拍;自拍;自拍; автодин ;自拍;自拍;自拍;自拍;自拍;自拍
m185;连拍;ถ่ายภาพต่อเนื่อง;Chụp liên tục;연속 촬영;Continuous shooting;Continu de tir;Kontinuierliche Aufnahme;连拍;连拍;连拍;连拍;连拍;连拍;连拍;连拍; снимать;连拍;连拍;连拍;连拍;连拍;连拍
m186;3;3.000000;3;3;3;3;3;3;3;3;3;3;3;3;3;3;3;3;3;3;3;3
m187;5;5.000000;5;5;5;5;5;5;5;5;5;5;5;5;5;5;5;5;5;5;5;5
m188;10;10.000000;10;10;10;10;10;10;10;10;10;10;10;10;10;10;10;10;10;10;10;10
m189;拍照设置;การตั้งค่ากล้อง;Bộ ảnh;사진 세트;Photo sets;Jeux de photo;Foto-Sätze;拍照设置;拍照设置;拍照设置;拍照设置;拍照设置;拍照设置;拍照设置;拍照设置;фотографировать  настройки;拍照设置;拍照设置;拍照设置;拍照设置;拍照设置;拍照设置
m190;720(60FPS);720(60FPS);720(60FPS);720(60FPS);720(60FPS);720(60FPS);720(60FPS);720(60FPS);720(60FPS);720(60FPS);720(60FPS);720(60FPS);720(60FPS);720(60FPS);720(60FPS);720(60FPS);720(60FPS);720(60FPS);720(60FPS);720(60FPS);720(60FPS);720(60FPS)
m191;720(30FPS);720(30FPS);720(30FPS);720(30FPS);720(30FPS);720(30FPS);720(30FPS);720(30FPS);720(30FPS);720(30FPS);720(30FPS);720(30FPS);720(30FPS);720(30FPS);720(30FPS);720(30FPS);720(30FPS);720(30FPS);720(30FPS);720(30FPS);720(30FPS);720(30FPS)
m192;VGA(60FPS);VGA(60FPS);VGA(60FPS);VGA(60FPS);VGA(60FPS);VGA(60FPS);VGA(60FPS);VGA(60FPS);VGA(60FPS);VGA(60FPS);VGA(60FPS);VGA(60FPS);VGA(60FPS);VGA(60FPS);VGA(60FPS);VGA(60FPS);VGA(60FPS);VGA(60FPS);VGA(60FPS);VGA(60FPS);VGA(60FPS);VGA(60FPS)
m193;夜视增强;เพิ่มในตอนกลางคืน;Hỗ trợ quay đêm;밤 비전 향상;Night vision enhancement;Amélioration de la vision nuit;Nacht-Vision-Verbesserung;夜视增强;夜视增强;夜视增强;夜视增强;夜视增强;夜视增强;夜视增强;夜视增强;приборы ночного видения укрепления ;夜视增强;夜视增强;夜视增强;夜视增强;夜视增强;夜视增强
m194;APP正在浏览中…;app ที่เรียกดู . . . ;APP đang duyệt…;APP 에서 찾아보기…;APP is browsing…;APP is browsing…;APP is browsing…;APP正在浏览中…;APP正在浏览中…;APP正在浏览中…;APP正在浏览中…;APP正在浏览中…;APP正在浏览中…;APP正在浏览中…;APP正在浏览中…; ПФА  просматриваете  ...;APP正在浏览中…;APP正在浏览中…;APP正在浏览中…;APP正在浏览中…;APP正在浏览中…;APP正在浏览中…
m195;VGA(30FPS);VGA ( 30FPS );VGA(30FPS);VGA(30FPS);VGA(30FPS);VGA(30FPS);VGA(30FPS);VGA(30FPS);VGA(30FPS);VGA(30FPS);VGA(30FPS);VGA(30FPS);VGA(30FPS);VGA(30FPS);VGA(30FPS);VGA(30FPS);VGA(30FPS);VGA(30FPS);VGA(30FPS);VGA(30FPS);VGA(30FPS);VGA(30FPS)
m196;固件升级中…;อัพเกรดเฟิร์ม . . .;Đang cập nhật hệ thống…;펌웨어 업그레이드;Firmware is upgrading…;Mise à jour firmware;Firmware-upgrade;固件升级中…;固件升级中…;固件升级中…;固件升级中…;固件升级中…;固件升级中…;固件升级中…;固件升级中…;обновление прошивки  в  ... ;固件升级中…;固件升级中…;固件升级中…;固件升级中…;固件升级中…;固件升级中…
m197;固件升级失败…;อัพเกรดเฟิร์มแวล้มเหลว . . . ;Không cập nhật được hệ thống…;펌웨어 업그레이드 실패;Firmware upgrade failed…;Mise à jour a échoué;Firmware-Aktualisierung fehlgeschlagen;固件升级失败…;固件升级失败…;固件升级失败…;固件升级失败…;固件升级失败…;固件升级失败…;固件升级失败…;固件升级失败…; Ошибка обновления микропрограммы  ... ;固件升级失败…;固件升级失败…;固件升级失败…;固件升级失败…;固件升级失败…;固件升级失败…
m198;双路录像;วิดีโอสองทาง;2 camera;더블 종로 비디오;Dual Camera;Vidéo à road;双路录像;双路录像;双路录像;双路录像;双路录像;双路录像;双路录像;双路录像;双路录像; двойной путь  видео ;双路录像;双路录像;双路录像;双路录像;双路录像;双路录像
m199;间隔录像;วิดีโอในช่วงเวลา;Ghi theo thời gian;간격 으로 비디오;Interval Record;Vidéo entre;间隔录像;间隔录像;间隔录像;间隔录像;间隔录像;间隔录像;间隔录像;间隔录像;间隔录像; интервал  видео ;间隔录像;间隔录像;间隔录像;间隔录像;间隔录像;间隔录像
m200;高动态范围;ช่วงไดนามิคสูง;Giải động cao;높 은 동태 범위;High Dynamic Range;Une gamme dynamique de;高动态范围;高动态范围;高动态范围;高动态范围;高动态范围;高动态范围;高动态范围;高动态范围;高动态范围; высоким динамическим диапазоном ;高动态范围;高动态范围;高动态范围;高动态范围;高动态范围;高动态范围
m201;车牌号码;ทะเบียนรถ;Số xe;번호 를;Car Number;Plaques d'immatriculation;车牌号码;车牌号码;车牌号码;车牌号码;车牌号码;车牌号码;车牌号码;车牌号码;车牌号码; номерной знак;车牌号码;车牌号码;车牌号码;车牌号码;车牌号码;车牌号码
m202;+2;+2;+2;+2;+2;+2;+2;+2;+2;+2;+2;+2;+2;+2;+2;+2;+2;+2;+2;+2;+2;+2
m203;+5/3;+5/3;+5/3;+5/3;+5/3;+5/3;+5/3;+5/3;+5/3;+5/3;+5/3;+5/3;+5/3;+5/3;+5/3;+5/3;+5/3;+5/3;+5/3;+5/3;+5/3;+5/3
m204;+4/3;+4/3;+4/3;+4/3;+4/3;+4/3;+4/3;+4/3;+4/3;+4/3;+4/3;+4/3;+4/3;+4/3;+4/3;+4/3;+4/3;+4/3;+4/3;+4/3;+4/3;+4/3
m205;+1;+1;+1;+1;+1;+1;+1;+1;+1;+1;+1;+1;+1;+1;+1;+1;+1;+1;+1;+1;+1;+1
m206;+2/3;+2/3;+2/3;+2/3;+2/3;+2/3;+2/3;+2/3;+2/3;+2/3;+2/3;+2/3;+2/3;+2/3;+2/3;+2/3;+2/3;+2/3;+2/3;+2/3;+2/3;+2/3
m207;+1/3;+1/3;+1/3;+1/3;+1/3;+1/3;+1/3;+1/3;+1/3;+1/3;+1/3;+1/3;+1/3;+1/3;+1/3;+1/3;+1/3;+1/3;+1/3;+1/3;+1/3;+1/3
m208;0;0;0;0;0;0;0;0;0;0;0;0;0;0;0;0;0;0;0;0;0;0
m209;-1/3;-1/3;-1/3;-1/3;-1/3;-1/3;-1/3;-1/3;-1/3;-1/3;-1/3;-1/3;-1/3;-1/3;-1/3;-1/3;-1/3;-1/3;-1/3;-1/3;-1/3;-1/3
m210;-2/3;-2/3;-2/3;-2/3;-2/3;-2/3;-2/3;-2/3;-2/3;-2/3;-2/3;-2/3;-2/3;-2/3;-2/3;-2/3;-2/3;-2/3;-2/3;-2/3;-2/3;-2/3
m211;-1;-1;-1;-1;-1;-1;-1;-1;-1;-1;-1;-1;-1;-1;-1;-1;-1;-1;-1;-1;-1;-1
m212;-4/3;-4/3;-4/3;-4/3;-4/3;-4/3;-4/3;-4/3;-4/3;-4/3;-4/3;-4/3;-4/3;-4/3;-4/3;-4/3;-4/3;-4/3;-4/3;-4/3;-4/3;-4/3
m213;-5/3;-5/3;-5/3;-5/3;-5/3;-5/3;-5/3;-5/3;-5/3;-5/3;-5/3;-5/3;-5/3;-5/3;-5/3;-5/3;-5/3;-5/3;-5/3;-5/3;-5/3;-5/3
m214;-2;-2;-2;-2;-2;-2;-2;-2;-2;-2;-2;-2;-2;-2;-2;-2;-2;-2;-2;-2;-2;-2
m215;100ms;100ms;100ms;100ms;100ms;100ms;100ms;100ms;100ms;100ms;100ms;100ms;100ms;100ms;100ms;100ms;100ms;100ms;100ms;100ms;100ms;100ms
m216;200ms;200ms;200ms;200ms;200ms;200ms;200ms;200ms;200ms;200ms;200ms;200ms;200ms;200ms;200ms;200ms;200ms;200ms;200ms;200ms;200ms;200ms
m217;500ms;500ms;500ms;500ms;500ms;500ms;500ms;500ms;500ms;500ms;500ms;500ms;500ms;500ms;500ms;500ms;500ms;500ms;500ms;500ms;500ms;500ms
m218;单拍;ถ่ายเดี่ยว;Chụp đơn;단 찍;Single shot;Taper à;单拍;单拍;单拍;单拍;单拍;单拍;单拍;单拍;单拍;один выстрел ;单拍;单拍;单拍;单拍;单拍;单拍
m219;2秒定时;เวลา 2 seconds;Trễ 2 giây;2 초 정시;2s Delay;2s;2秒定时;2秒定时;2秒定时;2秒定时;2秒定时;2秒定时;2秒定时;2秒定时;2秒定时; 2 секунды  сроки ;2秒定时;2秒定时;2秒定时;2秒定时;2秒定时;2秒定时
m220;5秒定时;เวลา 5 seconds;Trễ 5 giây;5 초 정시;5s Delay;5s;5秒定时;5秒定时;5秒定时;5秒定时;5秒定时;5秒定时;5秒定时;5秒定时;5秒定时; 5 секунд  сроки ;5秒定时;5秒定时;5秒定时;5秒定时;5秒定时;5秒定时
m221;10秒定时;เวลา 10 seconds;Trễ 10 giây;10 초 정시;10s Delay;10s;10秒定时;10秒定时;10秒定时;10秒定时;10秒定时;10秒定时;10秒定时;10秒定时;10秒定时; 10  секунд  сроки;10秒定时;10秒定时;10秒定时;10秒定时;10秒定时;10秒定时
m222;100;100;100;100;100;100;100;100;100;100;100;100;100;100;100;100;100;100;100;100;100;100
m223;Portuguese;Portuguese;Portuguese;Portuguese;Portuguese;Portuguese;Portuguese;Portuguese;Portuguese;Portuguese;Portuguese;Portuguese;Portuguese;Portuguese;Portuguese;Portuguese;Portuguese;Portuguese;Portuguese;Portuguese;Portuguese;Portuguese
m224;VGA 640x480;VGA 640x480;VGA 640x480;VGA 640x480;VGA 640x480;VGA 640x480;VGA 640x480;VGA 640x480;VGA 640x480;VGA 640x480;VGA 640x480;VGA 640x480;VGA 640x480;VGA 640x480;VGA 640x480;VGA 640x480;VGA 640x480;VGA 640x480;VGA 640x480;VGA 640x480;VGA 640x480;VGA 640x480
m225;1.3M 1280x960;1.3M 1280x960;1.3M 1280x960;1.3M 1280x960;1.3M 1280x960;1.3M 1280x960;1.3M 1280x960;1.3M 1280x960;1.3M 1280x960;1.3M 1280x960;1.3M 1280x960;1.3M 1280x960;1.3M 1280x960;1.3M 1280x960;1.3M 1280x960;1.3M 1280x960;1.3M 1280x960;1.3M 1280x960;1.3M 1280x960;1.3M 1280x960;1.3M 1280x960;1.3M 1280x960
m226;2M 1920x1080;2M 1920x1080;2M 1920x1080;2M 1920x1080;2M 1920x1080;2M 1920x1080;2M 1920x1080;2M 1920x1080;2M 1920x1080;2M 1920x1080;2M 1920x1080;2M 1920x1080;2M 1920x1080;2M 1920x1080;2M 1920x1080;2M 1920x1080;2M 1920x1080;2M 1920x1080;2M 1920x1080;2M 1920x1080;2M 1920x1080;2M 1920x1080
m227;3M 2048x1536;3M 2048x1536;3M 2048x1536;3M 2048x1536;3M 2048x1536;3M 2048x1536;3M 2048x1536;3M 2048x1536;3M 2048x1536;3M 2048x1536;3M 2048x1536;3M 2048x1536;3M 2048x1536;3M 2048x1536;3M 2048x1536;3M 2048x1536;3M 2048x1536;3M 2048x1536;3M 2048x1536;3M 2048x1536;3M 2048x1536;3M 2048x1536
m228;5M 2592x1944;5M 2592x1944;5M 2592x1944;5M 2592x1944;5M 2592x1944;5M 2592x1944;5M 2592x1944;5M 2592x1944;5M 2592x1944;5M 2592x1944;5M 2592x1944;5M 2592x1944;5M 2592x1944;5M 2592x1944;5M 2592x1944;5M 2592x1944;5M 2592x1944;5M 2592x1944;5M 2592x1944;5M 2592x1944;5M 2592x1944;5M 2592x1944
m229;8M 3264x2448;8M 3264x2448;8M 3264x2448;8M 3264x2448;8M 3264x2448;8M 3264x2448;8M 3264x2448;8M 3264x2448;8M 3264x2448;8M 3264x2448;8M 3264x2448;8M 3264x2448;8M 3264x2448;8M 3264x2448;8M 3264x2448;8M 3264x2448;8M 3264x2448;8M 3264x2448;8M 3264x2448;8M 3264x2448;8M 3264x2448;8M 3264x2448
m230;10M 3648x2736;10M 3648x2736;10M 3648x2736;10M 3648x2736;10M 3648x2736;10M 3648x2736;10M 3648x2736;10M 3648x2736;10M 3648x2736;10M 3648x2736;10M 3648x2736;10M 3648x2736;10M 3648x2736;10M 3648x2736;10M 3648x2736;10M 3648x2736;10M 3648x2736;10M 3648x2736;10M 3648x2736;10M 3648x2736;10M 3648x2736;10M 3648x2736
m231;12M 4032x3024;12M 4032x3024;12M 4032x3024;12M 4032x3024;12M 4032x3024;12M 4032x3024;12M 4032x3024;12M 4032x3024;12M 4032x3024;12M 4032x3024;12M 4032x3024;12M 4032x3024;12M 4032x3024;12M 4032x3024;12M 4032x3024;12M 4032x3024;12M 4032x3024;12M 4032x3024;12M 4032x3024;12M 4032x3024;12M 4032x3024;12M 4032x3024
m232;京;京;京;京;京;京;京;京;京;京;京;京;京;京;京;京;京;京;京;京;京;京
m233;宁;宁;宁;宁;宁;宁;宁;宁;宁;宁;宁;宁;宁;宁;宁;宁;宁;宁;宁;宁;宁;宁
m234;川;川;川;川;川;川;川;川;川;川;川;川;川;川;川;川;川;川;川;川;川;川
m235;沪;沪;沪;沪;沪;沪;沪;沪;沪;沪;沪;沪;沪;沪;沪;沪;沪;沪;沪;沪;沪;沪
m236;津;津;津;津;津;津;津;津;津;津;津;津;津;津;津;津;津;津;津;津;津;津
m237;浙;浙;浙;浙;浙;浙;浙;浙;浙;浙;浙;浙;浙;浙;浙;浙;浙;浙;浙;浙;浙;浙
m238;渝;渝;渝;渝;渝;渝;渝;渝;渝;渝;渝;渝;渝;渝;渝;渝;渝;渝;渝;渝;渝;渝
m239;湘;湘;湘;湘;湘;湘;湘;湘;湘;湘;湘;湘;湘;湘;湘;湘;湘;湘;湘;湘;湘;湘
m240;粤;粤;粤;粤;粤;粤;粤;粤;粤;粤;粤;粤;粤;粤;粤;粤;粤;粤;粤;粤;粤;粤
m241;豫;豫;豫;豫;豫;豫;豫;豫;豫;豫;豫;豫;豫;豫;豫;豫;豫;豫;豫;豫;豫;豫
m242;贵;贵;贵;贵;贵;贵;贵;贵;贵;贵;贵;贵;贵;贵;贵;贵;贵;贵;贵;贵;贵;贵
m243;赣;赣;赣;赣;赣;赣;赣;赣;赣;赣;赣;赣;赣;赣;赣;赣;赣;赣;赣;赣;赣;赣
m244;辽;辽;辽;辽;辽;辽;辽;辽;辽;辽;辽;辽;辽;辽;辽;辽;辽;辽;辽;辽;辽;辽
m245;鲁;鲁;鲁;鲁;鲁;鲁;鲁;鲁;鲁;鲁;鲁;鲁;鲁;鲁;鲁;鲁;鲁;鲁;鲁;鲁;鲁;鲁
m246;黑;黑;黑;黑;黑;黑;黑;黑;黑;黑;黑;黑;黑;黑;黑;黑;黑;黑;黑;黑;黑;黑
m247;新;新;新;新;新;新;新;新;新;新;新;新;新;新;新;新;新;新;新;新;新;新
m248;苏;苏;苏;苏;苏;苏;苏;苏;苏;苏;苏;苏;苏;苏;苏;苏;苏;苏;苏;苏;苏;苏
m249;藏;藏;藏;藏;藏;藏;藏;藏;藏;藏;藏;藏;藏;藏;藏;藏;藏;藏;藏;藏;藏;藏
m250;闽;闽;闽;闽;闽;闽;闽;闽;闽;闽;闽;闽;闽;闽;闽;闽;闽;闽;闽;闽;闽;闽
m251;晋;晋;晋;晋;晋;晋;晋;晋;晋;晋;晋;晋;晋;晋;晋;晋;晋;晋;晋;晋;晋;晋
m252;琼;琼;琼;琼;琼;琼;琼;琼;琼;琼;琼;琼;琼;琼;琼;琼;琼;琼;琼;琼;琼;琼
m253;冀;冀;冀;冀;冀;冀;冀;冀;冀;冀;冀;冀;冀;冀;冀;冀;冀;冀;冀;冀;冀;冀
m254;吉;吉;吉;吉;吉;吉;吉;吉;吉;吉;吉;吉;吉;吉;吉;吉;吉;吉;吉;吉;吉;吉
m255;桂;桂;桂;桂;桂;桂;桂;桂;桂;桂;桂;桂;桂;桂;桂;桂;桂;桂;桂;桂;桂;桂
m256;甘;甘;甘;甘;甘;甘;甘;甘;甘;甘;甘;甘;甘;甘;甘;甘;甘;甘;甘;甘;甘;甘
m257;皖;皖;皖;皖;皖;皖;皖;皖;皖;皖;皖;皖;皖;皖;皖;皖;皖;皖;皖;皖;皖;皖
m258;蒙;蒙;蒙;蒙;蒙;蒙;蒙;蒙;蒙;蒙;蒙;蒙;蒙;蒙;蒙;蒙;蒙;蒙;蒙;蒙;蒙;蒙
m259;鄂;鄂;鄂;鄂;鄂;鄂;鄂;鄂;鄂;鄂;鄂;鄂;鄂;鄂;鄂;鄂;鄂;鄂;鄂;鄂;鄂;鄂
m260;陕;陕;陕;陕;陕;陕;陕;陕;陕;陕;陕;陕;陕;陕;陕;陕;陕;陕;陕;陕;陕;陕
m261;青;青;青;青;青;青;青;青;青;青;青;青;青;青;青;青;青;青;青;青;青;青
m262;云;云;云;云;云;云;云;云;云;云;云;云;云;云;云;云;云;云;云;云;云;云
m263;A;A;A;A;A;A;A;A;A;A;A;A;A;A;A;A;A;A;A;A;A;A
m264;B;B;B;B;B;B;B;B;B;B;B;B;B;B;B;B;B;B;B;B;B;B
m265;C;C;C;C;C;C;C;C;C;C;C;C;C;C;C;C;C;C;C;C;C;C
m266;D;D;D;D;D;D;D;D;D;D;D;D;D;D;D;D;D;D;D;D;D;D
m267;E;E;E;E;E;E;E;E;E;E;E;E;E;E;E;E;E;E;E;E;E;E
m268;F;F;F;F;F;F;F;F;F;F;F;F;F;F;F;F;F;F;F;F;F;F
m269;G;G;G;G;G;G;G;G;G;G;G;G;G;G;G;G;G;G;G;G;G;G
m270;H;H;H;H;H;H;H;H;H;H;H;H;H;H;H;H;H;H;H;H;H;H
m271;I;I;I;I;I;I;I;I;I;I;I;I;I;I;I;I;I;I;I;I;I;I
m272;J;J;J;J;J;J;J;J;J;J;J;J;J;J;J;J;J;J;J;J;J;J
m273;K;K;K;K;K;K;K;K;K;K;K;K;K;K;K;K;K;K;K;K;K;K
m274;L;L;L;L;L;L;L;L;L;L;L;L;L;L;L;L;L;L;L;L;L;L
m275;M;M;M;M;M;M;M;M;M;M;M;M;M;M;M;M;M;M;M;M;M;M
m276;N;N;N;N;N;N;N;N;N;N;N;N;N;N;N;N;N;N;N;N;N;N
m277;O;O;O;O;O;O;O;O;O;O;O;O;O;O;O;O;O;O;O;O;O;O
m278;P;P;P;P;P;P;P;P;P;P;P;P;P;P;P;P;P;P;P;P;P;P
m279;Q;Q;Q;Q;Q;Q;Q;Q;Q;Q;Q;Q;Q;Q;Q;Q;Q;Q;Q;Q;Q;Q
m280;R;R;R;R;R;R;R;R;R;R;R;R;R;R;R;R;R;R;R;R;R;R
m281;S;S;S;S;S;S;S;S;S;S;S;S;S;S;S;S;S;S;S;S;S;S
m282;T;T;T;T;T;T;T;T;T;T;T;T;T;T;T;T;T;T;T;T;T;T
m283;U;U;U;U;U;U;U;U;U;U;U;U;U;U;U;U;U;U;U;U;U;U
m284;V;V;V;V;V;V;V;V;V;V;V;V;V;V;V;V;V;V;V;V;V;V
m285;W;W;W;W;W;W;W;W;W;W;W;W;W;W;W;W;W;W;W;W;W;W
m286;X;X;X;X;X;X;X;X;X;X;X;X;X;X;X;X;X;X;X;X;X;X
m287;Y;Y;Y;Y;Y;Y;Y;Y;Y;Y;Y;Y;Y;Y;Y;Y;Y;Y;Y;Y;Y;Y
m288;Z;Z;Z;Z;Z;Z;Z;Z;Z;Z;Z;Z;Z;Z;Z;Z;Z;Z;Z;Z;Z;Z
m289;0;0;0;0;0;0;0;0;0;0;0;0;0;0;0;0;0;0;0;0;0;0
m290;1;1;1;1;1;1;1;1;1;1;1;1;1;1;1;1;1;1;1;1;1;1
m291;2;2;2;2;2;2;2;2;2;2;2;2;2;2;2;2;2;2;2;2;2;2
m292;3;3;3;3;3;3;3;3;3;3;3;3;3;3;3;3;3;3;3;3;3;3
m293;4;4;4;4;4;4;4;4;4;4;4;4;4;4;4;4;4;4;4;4;4;4
m294;5;5;5;5;5;5;5;5;5;5;5;5;5;5;5;5;5;5;5;5;5;5
m295;6;6;6;6;6;6;6;6;6;6;6;6;6;6;6;6;6;6;6;6;6;6
m296;7;7;7;7;7;7;7;7;7;7;7;7;7;7;7;7;7;7;7;7;7;7
m297;8;8;8;8;8;8;8;8;8;8;8;8;8;8;8;8;8;8;8;8;8;8
m298;9;9;9;9;9;9;9;9;9;9;9;9;9;9;9;9;9;9;9;9;9;9
m299;格式化失败！;การฟอร์แมตล้มเหลว ! ;Không định dạng được!;범죄수사 드라마 csi 실패!;Formatting failed!;Proposer un échec!;Proposer un échec!;Proposer un échec!;Proposer un échec!;Proposer un échec!;Proposer un échec!;Proposer un échec!;Proposer un échec!;Proposer un échec!;Proposer un échec!;Ошибка форматирования  ! ;Proposer un échec!;Proposer un échec!;Proposer un échec!;Proposer un échec!;Proposer un échec!;Proposer un échec!
m300;文件被锁;ไฟล์ถูกล็อค;Đã khóa tệp;문서 잠 겨;The file is locked;Documents ont été enfermés;The file is locked;The file is locked;The file is locked;The file is locked;The file is locked;The file is locked;The file is locked;The file is locked;The file is locked; файл был  замок;The file is locked;The file is locked;The file is locked;The file is locked;The file is locked;The file is locked
m301;+3;+3;+3;+3;+3;+3;+3;+3;+3;+3;+3;+3;+3;+3;+3;+3;+3;+3;+3;+3;+3;+3
m302;-3;-3;-3;-3;-3;-3;-3;-3;-3;-3;-3;-3;-3;-3;-3;-3;-3;-3;-3;-3;-3;-3
m303;车道偏移;เปลี่ยนเลน;Sai làn;차도 위치;Lane deviation;Lane deviation;Lane deviation;Lane deviation;Lane deviation;Lane deviation;Lane deviation;Lane deviation;Lane deviation;Lane deviation;Lane deviation;Лэйн миграции ;Lane deviation;Lane deviation;Lane deviation;Lane deviation;Lane deviation;Lane deviation
m304;前照灯提醒;ไฟหน้าเตือน;Cảnh báo đèn pha;전조등 알림;Headlight warning;Headlight warning;Headlight warning;Headlight warning;Headlight warning;Headlight warning;Headlight warning;Headlight warning;Headlight warning;Headlight warning;Headlight warning; фар  напомнить ;Headlight warning;Headlight warning;Headlight warning;Headlight warning;Headlight warning;Headlight warning;;;;;;;;;;;;;;;;;;;;;;;;;;;;;;;;;;;;;;;;;;;;;;;;;;;;;;;;;;;;;;;;;;;;;;;;;;;;;;;;;;;;;;;;;;;;;;;;;;;;;;;;;;;;;;;;;;;;;;;;;;;;;;;;;;;;;;;;;;;;;;;;;;;;;;;;;;;;;;;;;;;;;;;;;;;;;;;;;;;;;;;;;;;;;;;;;;;;;;;;;;;;;;;;;;;;;;;;;;;;;;;;;;;;;;;;;
m305;10秒后关机;10 วินาทีหลังจากปิด;Tắt sau 10 giây;10초 후 꺼져;Shutdown after 10 seconds;Shutdown after 10 seconds;Shutdown after 10 seconds;Shutdown after 10 seconds;Shutdown after 10 seconds;Shutdown after 10 seconds;Shutdown after 10 seconds;Shutdown after 10 seconds;Shutdown after 10 seconds;Shutdown after 10 seconds;Shutdown after 10 seconds; 10  секунд после  остановки ;Shutdown after 10 seconds;Shutdown after 10 seconds;Shutdown after 10 seconds;Shutdown after 10 seconds;Shutdown after 10 seconds;Shutdown after 10 seconds;;;;;;;;;;;;;;;;;;;;;;;;;;;;;;;;;;;;;;;;;;;;;;;;;;;;;;;;;;;;;;;;;;;;;;;;;;;;;;;;;;;;;;;;;;;;;;;;;;;;;;;;;;;;;;;;;;;;;;;;;;;;;;;;;;;;;;;;;;;;;;;;;;;;;;;;;;;;;;;;;;;;;;;;;;;;;;;;;;;;;;;;;;;;;;;;;;;;;;;;;;;;;;;;;;;;;;;;;;;;;;;;;;;;;;;;;
m306;请移动到地平线;กรุณาย้ายไปที่ขอบฟ้า;Di chuyển tới cuối thẳng;이동 지평선;Move to the Horizon;Move to the Horizon;Move to the Horizon;Move to the Horizon;Move to the Horizon;Move to the Horizon;Move to the Horizon;Move to the Horizon;Move to the Horizon;Move to the Horizon;Move to the Horizon; Пожалуйста,  мобильных  до горизонта ;Move to the Horizon;Move to the Horizon;Move to the Horizon;Move to the Horizon;Move to the Horizon;Move to the Horizon;;;;;;;;;;;;;;;;;;;;;;;;;;;;;;;;;;;;;;;;;;;;;;;;;;;;;;;;;;;;;;;;;;;;;;;;;;;;;;;;;;;;;;;;;;;;;;;;;;;;;;;;;;;;;;;;;;;;;;;;;;;;;;;;;;;;;;;;;;;;;;;;;;;;;;;;;;;;;;;;;;;;;;;;;;;;;;;;;;;;;;;;;;;;;;;;;;;;;;;;;;;;;;;;;;;;;;;;;;;;;;;;;;;;;;;;;
m307;请移动到车头线;ตอนนี้โปรดย้ายไปยังด้านหน้าของบรรทัด;Di chuyển theo mũi xe;이동 기관차 라인;Move to the Car's Nose;Move to the Car's Nose;Move to the Car's Nose;Move to the Car's Nose;Move to the Car's Nose;Move to the Car's Nose;Move to the Car's Nose;Move to the Car's Nose;Move to the Car's Nose;Move to the Car's Nose;Move to the Car's Nose; Пожалуйста,  перейти на  передней  линии ;Move to the Car's Nose;Move to the Car's Nose;Move to the Car's Nose;Move to the Car's Nose;Move to the Car's Nose;Move to the Car's Nose;;;;;;;;;;;;;;;;;;;;;;;;;;;;;;;;;;;;;;;;;;;;;;;;;;;;;;;;;;;;;;;;;;;;;;;;;;;;;;;;;;;;;;;;;;;;;;;;;;;;;;;;;;;;;;;;;;;;;;;;;;;;;;;;;;;;;;;;;;;;;;;;;;;;;;;;;;;;;;;;;;;;;;;;;;;;;;;;;;;;;;;;;;;;;;;;;;;;;;;;;;;;;;;;;;;;;;;;;;;;;;;;;;;;;;;;;
m308;经度00000.0000;经度00000.0001;经度00000.0002;经度00000.0003;经度00000.0004;经度00000.0005;经度00000.0006;经度00000.0007;经度00000.0008;经度00000.0009;经度00000.0010;经度00000.0011;经度00000.0012;经度0000.0013;经度00000.0014; долгота  00000.0000 ;经度00000.0016;经度00000.0017;经度00000.0018;经度00000.0019;经度00000.0020;经度00000.0021;经度00000.0022;;;;;;;;;;;;;;;;;;;;;;;;;;;;;;;;;;;;;;;;;;;;;;;;;;;;;;;;;;;;;;;;;;;;;;;;;;;;;;;;;;;;;;;;;;;;;;;;;;;;;;;;;;;;;;;;;;;;;;;;;;;;;;;;;;;;;;;;;;;;;;;;;;;;;;;;;;;;;;;;;;;;;;;;;;;;;;;;;;;;;;;;;;;;;;;;;;;;;;;;;;;;;;;;;;;;;;;;;;;;;;;;;;;;;;;;
m309;纬度0000.0000;纬度0000.0001;纬度0000.0002;纬度0000.0003;纬度0000.0004;纬度0000.0005;纬度0000.0006;纬度0000.0007;纬度0000.0008;纬度0000.0009;纬度0000.0010;纬度0000.0011;纬度0000.0012;纬度0000.0013;纬度0000.0014; широта  0000.0000 ;纬度0000.0016;纬度0000.0017;纬度0000.0018;纬度0000.0019;纬度0000.0020;纬度0000.0021;纬度0000.0022;;;;;;;;;;;;;;;;;;;;;;;;;;;;;;;;;;;;;;;;;;;;;;;;;;;;;;;;;;;;;;;;;;;;;;;;;;;;;;;;;;;;;;;;;;;;;;;;;;;;;;;;;;;;;;;;;;;;;;;;;;;;;;;;;;;;;;;;;;;;;;;;;;;;;;;;;;;;;;;;;;;;;;;;;;;;;;;;;;;;;;;;;;;;;;;;;;;;;;;;;;;;;;;;;;;;;;;;;;;;;;;;;;;;;;;;
m310;正比;正比;正比;正比;正比;正比;正比;正比;正比;正比;正比;正比;正比;正比;正比; пропорциональный;正比;正比;正比;正比;正比;正比;正比;;;;;;;;;;;;;;;;;;;;;;;;;;;;;;;;;;;;;;;;;;;;;;;;;;;;;;;;;;;;;;;;;;;;;;;;;;;;;;;;;;;;;;;;;;;;;;;;;;;;;;;;;;;;;;;;;;;;;;;;;;;;;;;;;;;;;;;;;;;;;;;;;;;;;;;;;;;;;;;;;;;;;;;;;;;;;;;;;;;;;;;;;;;;;;;;;;;;;;;;;;;;;;;;;;;;;;;;;;;;;;;;;;;;;;;;
m311;РУсский;РУсский;РУсский;РУсский;РУсский;РУсский;РУсский;РУсский;РУсский;РУсский;РУсский;РУсский;РУсский;РУсский;РУсский;РУсский;РУсский;РУсский;РУсский;РУсский;РУсский;РУсский;РУсский;;;;;;;;;;;;;;;;;;;;;;;;;;;;;;;;;;;;;;;;;;;;;;;;;;;;;;;;;;;;;;;;;;;;;;;;;;;;;;;;;;;;;;;;;;;;;;;;;;;;;;;;;;;;;;;;;;;;;;;;;;;;;;;;;;;;;;;;;;;;;;;;;;;;;;;;;;;;;;;;;;;;;;;;;;;;;;;;;;;;;;;;;;;;;;;;;;;;;;;;;;;;;;;;;;;;;;;;;;;;;;;;;;;;;;;;
